{
  "frames": [
    {
      "filename": "mech-unit-export2",
      "frame": {
        "x": 0,
        "y": 0,
        "w": 53,
        "h": 66
      },
      "rotated": false,
      "trimmed": true,
      "spriteSourceSize": {
        "x": 17,
        "y": 14,
        "w": 53,
        "h": 66
      },
      "sourceSize": {
        "w": 96,
        "h": 80
      },
      "pivot": {
        "x": 0.5,
        "y": 0.5
      }
    },
    {
      "filename": "mech-unit-export7",
      "frame": {
        "x": 0,
        "y": 66,
        "w": 46,
        "h": 66
      },
      "rotated": false,
      "trimmed": true,
      "spriteSourceSize": {
        "x": 20,
        "y": 14,
        "w": 46,
        "h": 66
      },
      "sourceSize": {
        "w": 96,
        "h": 80
      },
      "pivot": {
        "x": 0.5,
        "y": 0.5
      }
    },
    {
      "filename": "mech-unit-export3",
      "frame": {
        "x": 0,
        "y": 132,
        "w": 59,
        "h": 65
      },
      "rotated": false,
      "trimmed": true,
      "spriteSourceSize": {
        "x": 15,
        "y": 15,
        "w": 59,
        "h": 65
      },
      "sourceSize": {
        "w": 96,
        "h": 80
      },
      "pivot": {
        "x": 0.5,
        "y": 0.5
      }
    },
    {
      "filename": "mech-unit-export6",
      "frame": {
        "x": 46,
        "y": 66,
        "w": 49,
        "h": 64
      },
      "rotated": false,
      "trimmed": true,
      "spriteSourceSize": {
        "x": 18,
        "y": 16,
        "w": 49,
        "h": 64
      },
      "sourceSize": {
        "w": 96,
        "h": 80
      },
      "pivot": {
        "x": 0.5,
        "y": 0.5
      }
    },
    {
      "filename": "mech-unit-export1",
      "frame": {
        "x": 53,
        "y": 0,
        "w": 47,
        "h": 64
      },
      "rotated": false,
      "trimmed": true,
      "spriteSourceSize": {
        "x": 20,
        "y": 16,
        "w": 47,
        "h": 64
      },
      "sourceSize": {
        "w": 96,
        "h": 80
      },
      "pivot": {
        "x": 0.5,
        "y": 0.5
      }
    },
    {
      "filename": "mech-unit-export4",
      "frame": {
        "x": 95,
        "y": 64,
        "w": 60,
        "h": 62
      },
      "rotated": false,
      "trimmed": true,
      "spriteSourceSize": {
        "x": 15,
        "y": 18,
        "w": 60,
        "h": 62
      },
      "sourceSize": {
        "w": 96,
        "h": 80
      },
      "pivot": {
        "x": 0.5,
        "y": 0.5
      }
    },
    {
      "filename": "mech-unit-export10",
      "frame": {
        "x": 100,
        "y": 0,
        "w": 44,
        "h": 61
      },
      "rotated": false,
      "trimmed": true,
      "spriteSourceSize": {
        "x": 22,
        "y": 19,
        "w": 44,
        "h": 61
      },
      "sourceSize": {
        "w": 96,
        "h": 80
      },
      "pivot": {
        "x": 0.5,
        "y": 0.5
      }
    },
    {
      "filename": "mech-unit-export5",
      "frame": {
        "x": 144,
        "y": 0,
        "w": 58,
        "h": 60
      },
      "rotated": false,
      "trimmed": true,
      "spriteSourceSize": {
        "x": 15,
        "y": 19,
        "w": 58,
        "h": 60
      },
      "sourceSize": {
        "w": 96,
        "h": 80
      },
      "pivot": {
        "x": 0.5,
        "y": 0.5
      }
    }
  ],
  "meta": {
    "app": "http://free-tex-packer.com",
    "version": "0.6.7",
    "image": "texture.png",
    "format": "RGBA8888",
    "size": {
      "w": 202,
      "h": 197
    },
    "scale": 1
  }
}